{"text": " Batumi Approach in Field 1115 miles north, 8,000 feet requesting landing.", "segments": [{"id": 0, "seek": 0, "start": 0.0, "end": 7.0, "text": " Batumi Approach in Field 1115 miles north, 8,000 feet requesting landing.", "tokens": [50364, 10066, 17800, 29551, 608, 294, 17952, 2975, 5211, 6193, 6830, 11, 1649, 11, 1360, 3521, 31937, 11202, 13, 50714], "temperature": 0.0, "avg_logprob": -0.5227583930605934, "compression_ratio": 0.9358974358974359, "no_speech_prob": 0.3771771788597107}], "language": "en"}